time_min,replica,cpu_cores,hpa_threshold_cores,replica_count
0.00,787rb,0.00297,0.05000,1
0.00,79xf6,0.00211,0.05000,1
0.00,7wjxh,0.00258,0.05000,1
0.00,nkrrr,0.00218,0.05000,1
0.00,tskjt,0.00281,0.05000,1
0.00,xsc9d,0.00226,0.05000,1
0.00,zjflw,0.00229,0.05000,1
0.25,787rb,0.00297,0.05000,1
0.25,79xf6,0.00211,0.05000,1
0.25,7wjxh,0.00258,0.05000,1
0.25,nkrrr,0.00218,0.05000,1
0.25,tskjt,0.00281,0.05000,1
0.25,xsc9d,0.00226,0.05000,1
0.25,zjflw,0.00229,0.05000,1
0.50,787rb,0.00297,0.05000,1
0.50,79xf6,0.00211,0.05000,1
0.50,7wjxh,0.00258,0.05000,1
0.50,nkrrr,0.00218,0.05000,1
0.50,tskjt,0.00281,0.05000,1
0.50,xsc9d,0.00226,0.05000,1
0.50,zjflw,0.00229,0.05000,1
0.75,787rb,0.00297,0.05000,1
0.75,79xf6,0.00211,0.05000,1
0.75,7wjxh,0.00258,0.05000,1
0.75,nkrrr,0.00218,0.05000,1
0.75,tskjt,0.00281,0.05000,1
0.75,xsc9d,0.00226,0.05000,1
0.75,zjflw,0.00229,0.05000,1
1.00,787rb,0.00297,0.05000,1
1.00,79xf6,0.00211,0.05000,1
1.00,7wjxh,0.00258,0.05000,1
1.00,nkrrr,0.00218,0.05000,1
1.00,tskjt,0.00281,0.05000,1
1.00,xsc9d,0.00226,0.05000,1
1.00,zjflw,0.00229,0.05000,1
1.25,787rb,0.00297,0.05000,1
1.25,79xf6,0.00211,0.05000,1
1.25,7wjxh,0.00258,0.05000,1
1.25,nkrrr,0.00218,0.05000,1
1.25,tskjt,0.00281,0.05000,1
1.25,xsc9d,0.00226,0.05000,1
1.25,zjflw,0.00229,0.05000,1
1.50,787rb,0.00297,0.05000,1
1.50,79xf6,0.00211,0.05000,1
1.50,7wjxh,0.00258,0.05000,1
1.50,nkrrr,0.00218,0.05000,1
1.50,tskjt,0.00281,0.05000,1
1.50,xsc9d,0.00226,0.05000,1
1.50,zjflw,0.00229,0.05000,1
1.75,787rb,0.00297,0.05000,1
1.75,79xf6,0.00211,0.05000,1
1.75,7wjxh,0.00258,0.05000,1
1.75,nkrrr,0.00218,0.05000,1
1.75,tskjt,0.00281,0.05000,1
1.75,xsc9d,0.00226,0.05000,1
1.75,zjflw,0.00229,0.05000,1
2.00,787rb,0.00297,0.05000,1
2.00,79xf6,0.00211,0.05000,1
2.00,7wjxh,0.00258,0.05000,1
2.00,nkrrr,0.00218,0.05000,1
2.00,tskjt,0.00281,0.05000,1
2.00,xsc9d,0.00226,0.05000,1
2.00,zjflw,0.00229,0.05000,1
2.25,787rb,0.00297,0.05000,1
2.25,79xf6,0.00211,0.05000,1
2.25,7wjxh,0.00258,0.05000,1
2.25,nkrrr,0.00218,0.05000,1
2.25,tskjt,0.00281,0.05000,1
2.25,xsc9d,0.00226,0.05000,1
2.25,zjflw,0.00229,0.05000,1
2.50,787rb,0.00297,0.05000,1
2.50,79xf6,0.00211,0.05000,1
2.50,7wjxh,0.00258,0.05000,1
2.50,nkrrr,0.00218,0.05000,1
2.50,tskjt,0.00281,0.05000,1
2.50,xsc9d,0.00226,0.05000,1
2.50,zjflw,0.00229,0.05000,1
2.75,787rb,0.00297,0.05000,1
2.75,79xf6,0.00211,0.05000,1
2.75,7wjxh,0.00258,0.05000,1
2.75,nkrrr,0.00218,0.05000,1
2.75,tskjt,0.00281,0.05000,1
2.75,xsc9d,0.00226,0.05000,1
2.75,zjflw,0.00229,0.05000,1
3.00,787rb,0.00297,0.05000,1
3.00,79xf6,0.00211,0.05000,1
3.00,7wjxh,0.00258,0.05000,1
3.00,nkrrr,0.00218,0.05000,1
3.00,tskjt,0.00281,0.05000,1
3.00,xsc9d,0.00226,0.05000,1
3.00,zjflw,0.00229,0.05000,1
3.25,787rb,0.00297,0.05000,1
3.25,79xf6,0.00211,0.05000,1
3.25,7wjxh,0.00258,0.05000,1
3.25,nkrrr,0.00218,0.05000,1
3.25,tskjt,0.00281,0.05000,1
3.25,xsc9d,0.00226,0.05000,1
3.25,zjflw,0.00229,0.05000,1
3.50,787rb,0.00297,0.05000,1
3.50,79xf6,0.00211,0.05000,1
3.50,7wjxh,0.00258,0.05000,1
3.50,nkrrr,0.00218,0.05000,1
3.50,tskjt,0.00281,0.05000,1
3.50,xsc9d,0.00226,0.05000,1
3.50,zjflw,0.00229,0.05000,1
3.75,787rb,0.00297,0.05000,2
3.75,79xf6,0.00211,0.05000,2
3.75,7wjxh,0.00258,0.05000,2
3.75,nkrrr,0.00218,0.05000,2
3.75,tskjt,0.00281,0.05000,2
3.75,xsc9d,0.00226,0.05000,2
3.75,zjflw,0.00229,0.05000,2
4.00,787rb,0.00297,0.05000,2
4.00,79xf6,0.00886,0.05000,2
4.00,7wjxh,0.00258,0.05000,2
4.00,nkrrr,0.00218,0.05000,2
4.00,tskjt,0.00281,0.05000,2
4.00,xsc9d,0.00226,0.05000,2
4.00,zjflw,0.00229,0.05000,2
4.25,787rb,0.00297,0.05000,5
4.25,79xf6,0.06479,0.05000,5
4.25,7wjxh,0.00258,0.05000,5
4.25,nkrrr,0.00218,0.05000,5
4.25,tskjt,0.00281,0.05000,5
4.25,xsc9d,0.00226,0.05000,5
4.25,zjflw,0.00229,0.05000,5
4.50,787rb,0.00297,0.05000,5
4.50,79xf6,0.06629,0.05000,5
4.50,7wjxh,0.00258,0.05000,5
4.50,nkrrr,0.02319,0.05000,5
4.50,tskjt,0.00281,0.05000,5
4.50,xsc9d,0.00226,0.05000,5
4.50,zjflw,0.00229,0.05000,5
4.75,787rb,0.03168,0.05000,5
4.75,79xf6,0.04469,0.05000,5
4.75,7wjxh,0.00825,0.05000,5
4.75,nkrrr,0.06517,0.05000,5
4.75,tskjt,0.00281,0.05000,5
4.75,xsc9d,0.00226,0.05000,5
4.75,zjflw,0.00229,0.05000,5
5.00,787rb,0.04424,0.05000,5
5.00,79xf6,0.04482,0.05000,5
5.00,7wjxh,0.05920,0.05000,5
5.00,nkrrr,0.05016,0.05000,5
5.00,tskjt,0.02706,0.05000,5
5.00,xsc9d,0.00969,0.05000,5
5.00,zjflw,0.00229,0.05000,5
5.25,787rb,0.04222,0.05000,6
5.25,79xf6,0.04992,0.05000,6
5.25,7wjxh,0.05780,0.05000,6
5.25,nkrrr,0.04871,0.05000,6
5.25,tskjt,0.06294,0.05000,6
5.25,xsc9d,0.05557,0.05000,6
5.25,zjflw,0.02149,0.05000,6
5.50,787rb,0.04693,0.05000,6
5.50,79xf6,0.05139,0.05000,6
5.50,7wjxh,0.05055,0.05000,6
5.50,nkrrr,0.04656,0.05000,6
5.50,tskjt,0.04445,0.05000,6
5.50,xsc9d,0.04316,0.05000,6
5.50,zjflw,0.05971,0.05000,6
5.75,787rb,0.04996,0.05000,7
5.75,79xf6,0.05639,0.05000,7
5.75,7wjxh,0.05094,0.05000,7
5.75,nkrrr,0.04684,0.05000,7
5.75,tskjt,0.04278,0.05000,7
5.75,xsc9d,0.04136,0.05000,7
5.75,zjflw,0.05046,0.05000,7
6.00,787rb,0.05249,0.05000,7
6.00,79xf6,0.05590,0.05000,7
6.00,7wjxh,0.04491,0.05000,7
6.00,nkrrr,0.04201,0.05000,7
6.00,tskjt,0.04309,0.05000,7
6.00,xsc9d,0.04487,0.05000,7
6.00,zjflw,0.05226,0.05000,7
6.25,787rb,0.05100,0.05000,7
6.25,79xf6,0.05467,0.05000,7
6.25,7wjxh,0.04104,0.05000,7
6.25,nkrrr,0.03901,0.05000,7
6.25,tskjt,0.04405,0.05000,7
6.25,xsc9d,0.05052,0.05000,7
6.25,zjflw,0.05657,0.05000,7
6.50,787rb,0.05433,0.05000,7
6.50,79xf6,0.05112,0.05000,7
6.50,7wjxh,0.04149,0.05000,7
6.50,nkrrr,0.03757,0.05000,7
6.50,tskjt,0.04511,0.05000,7
6.50,xsc9d,0.04742,0.05000,7
6.50,zjflw,0.05778,0.05000,7
6.75,787rb,0.05369,0.05000,7
6.75,79xf6,0.04860,0.05000,7
6.75,7wjxh,0.03906,0.05000,7
6.75,nkrrr,0.03737,0.05000,7
6.75,tskjt,0.05035,0.05000,7
6.75,xsc9d,0.05487,0.05000,7
6.75,zjflw,0.05685,0.05000,7
7.00,787rb,0.05121,0.05000,7
7.00,79xf6,0.04280,0.05000,7
7.00,7wjxh,0.03813,0.05000,7
7.00,nkrrr,0.04138,0.05000,7
7.00,tskjt,0.05226,0.05000,7
7.00,xsc9d,0.05342,0.05000,7
7.00,zjflw,0.05606,0.05000,7
7.25,787rb,0.04549,0.05000,7
7.25,79xf6,0.04225,0.05000,7
7.25,7wjxh,0.03981,0.05000,7
7.25,nkrrr,0.04600,0.05000,7
7.25,tskjt,0.05234,0.05000,7
7.25,xsc9d,0.05577,0.05000,7
7.25,zjflw,0.05032,0.05000,7
7.50,787rb,0.04423,0.05000,7
7.50,79xf6,0.04432,0.05000,7
7.50,7wjxh,0.04111,0.05000,7
7.50,nkrrr,0.04713,0.05000,7
7.50,tskjt,0.05339,0.05000,7
7.50,xsc9d,0.05025,0.05000,7
7.50,zjflw,0.04822,0.05000,7
7.75,787rb,0.04191,0.05000,7
7.75,79xf6,0.04213,0.05000,7
7.75,7wjxh,0.04338,0.05000,7
7.75,nkrrr,0.04934,0.05000,7
7.75,tskjt,0.05486,0.05000,7
7.75,xsc9d,0.04825,0.05000,7
7.75,zjflw,0.04709,0.05000,7
8.00,787rb,0.04231,0.05000,7
8.00,79xf6,0.04941,0.05000,7
8.00,7wjxh,0.04830,0.05000,7
8.00,nkrrr,0.04966,0.05000,7
8.00,tskjt,0.05179,0.05000,7
8.00,xsc9d,0.04334,0.05000,7
8.00,zjflw,0.04611,0.05000,7
8.25,787rb,0.04695,0.05000,7
8.25,79xf6,0.04878,0.05000,7
8.25,7wjxh,0.04878,0.05000,7
8.25,nkrrr,0.04872,0.05000,7
8.25,tskjt,0.04501,0.05000,7
8.25,xsc9d,0.04207,0.05000,7
8.25,zjflw,0.04784,0.05000,7
8.50,787rb,0.03955,0.05000,7
8.50,79xf6,0.04616,0.05000,7
8.50,7wjxh,0.04002,0.05000,7
8.50,nkrrr,0.03635,0.05000,7
8.50,tskjt,0.03937,0.05000,7
8.50,xsc9d,0.03782,0.05000,7
8.50,zjflw,0.04125,0.05000,7
8.75,787rb,0.02532,0.05000,7
8.75,79xf6,0.02613,0.05000,7
8.75,7wjxh,0.02408,0.05000,7
8.75,nkrrr,0.02061,0.05000,7
8.75,tskjt,0.02178,0.05000,7
8.75,xsc9d,0.02223,0.05000,7
8.75,zjflw,0.02494,0.05000,7
9.00,787rb,0.00896,0.05000,7
9.00,79xf6,0.00831,0.05000,7
9.00,7wjxh,0.00749,0.05000,7
9.00,nkrrr,0.00632,0.05000,7
9.00,tskjt,0.00763,0.05000,7
9.00,xsc9d,0.00731,0.05000,7
9.00,zjflw,0.00837,0.05000,7
9.25,787rb,0.00297,0.05000,7
9.25,79xf6,0.00211,0.05000,7
9.25,7wjxh,0.00258,0.05000,7
9.25,nkrrr,0.00218,0.05000,7
9.25,tskjt,0.00281,0.05000,7
9.25,xsc9d,0.00226,0.05000,7
9.25,zjflw,0.00229,0.05000,7
9.50,787rb,0.00297,0.05000,7
9.50,79xf6,0.00211,0.05000,7
9.50,7wjxh,0.00258,0.05000,7
9.50,nkrrr,0.00218,0.05000,7
9.50,tskjt,0.00281,0.05000,7
9.50,xsc9d,0.00226,0.05000,7
9.50,zjflw,0.00229,0.05000,7
9.75,787rb,0.00318,0.05000,7
9.75,79xf6,0.00272,0.05000,7
9.75,7wjxh,0.00288,0.05000,7
9.75,nkrrr,0.00304,0.05000,7
9.75,tskjt,0.00327,0.05000,7
9.75,xsc9d,0.00269,0.05000,7
9.75,zjflw,0.00305,0.05000,7
10.00,787rb,0.00364,0.05000,7
10.00,79xf6,0.00259,0.05000,7
10.00,7wjxh,0.00266,0.05000,7
10.00,nkrrr,0.00266,0.05000,7
10.00,tskjt,0.00343,0.05000,7
10.00,xsc9d,0.00275,0.05000,7
10.00,zjflw,0.00293,0.05000,7
10.25,787rb,0.00327,0.05000,7
10.25,79xf6,0.00271,0.05000,7
10.25,7wjxh,0.00334,0.05000,7
10.25,nkrrr,0.00236,0.05000,7
10.25,tskjt,0.00363,0.05000,7
10.25,xsc9d,0.00240,0.05000,7
10.25,zjflw,0.00303,0.05000,7
10.50,787rb,0.00384,0.05000,7
10.50,79xf6,0.00277,0.05000,7
10.50,7wjxh,0.00271,0.05000,7
10.50,nkrrr,0.00285,0.05000,7
10.50,tskjt,0.00349,0.05000,7
10.50,xsc9d,0.00270,0.05000,7
10.50,zjflw,0.00267,0.05000,7
10.75,787rb,0.00363,0.05000,7
10.75,79xf6,0.00242,0.05000,7
10.75,7wjxh,0.00271,0.05000,7
10.75,nkrrr,0.00244,0.05000,7
10.75,tskjt,0.00345,0.05000,7
10.75,xsc9d,0.00290,0.05000,7
10.75,zjflw,0.00302,0.05000,7
11.00,787rb,0.00310,0.05000,7
11.00,79xf6,0.00307,0.05000,7
11.00,7wjxh,0.00271,0.05000,7
11.00,nkrrr,0.00270,0.05000,7
11.00,tskjt,0.00321,0.05000,7
11.00,xsc9d,0.00239,0.05000,7
11.00,zjflw,0.00299,0.05000,7
11.25,787rb,0.00381,0.05000,7
11.25,79xf6,0.00258,0.05000,7
11.25,7wjxh,0.00266,0.05000,7
11.25,nkrrr,0.00246,0.05000,7
11.25,tskjt,0.00337,0.05000,7
11.25,xsc9d,0.00240,0.05000,7
11.25,zjflw,0.00268,0.05000,7
11.50,787rb,0.00391,0.05000,7
11.50,79xf6,0.00274,0.05000,7
11.50,7wjxh,0.00349,0.05000,7
11.50,nkrrr,0.00269,0.05000,7
11.50,tskjt,0.00320,0.05000,7
11.50,xsc9d,0.00243,0.05000,7
11.50,zjflw,0.00232,0.05000,7
11.75,787rb,0.00387,0.05000,7
11.75,79xf6,0.00275,0.05000,7
11.75,7wjxh,0.00285,0.05000,7
11.75,nkrrr,0.00280,0.05000,7
11.75,tskjt,0.00355,0.05000,7
11.75,xsc9d,0.00254,0.05000,7
11.75,zjflw,0.00326,0.05000,7
12.00,787rb,0.00354,0.05000,7
12.00,79xf6,0.00230,0.05000,7
12.00,7wjxh,0.00289,0.05000,7
12.00,nkrrr,0.00271,0.05000,7
12.00,tskjt,0.00319,0.05000,7
12.00,xsc9d,0.00322,0.05000,7
12.00,zjflw,0.00301,0.05000,7
12.25,787rb,0.00311,0.05000,7
12.25,79xf6,0.00217,0.05000,7
12.25,7wjxh,0.00341,0.05000,7
12.25,nkrrr,0.00257,0.05000,7
12.25,tskjt,0.00327,0.05000,7
12.25,xsc9d,0.00228,0.05000,7
12.25,zjflw,0.00250,0.05000,7
12.50,787rb,0.00316,0.05000,7
12.50,79xf6,0.00252,0.05000,7
12.50,7wjxh,0.00320,0.05000,7
12.50,nkrrr,0.00297,0.05000,7
12.50,tskjt,0.00356,0.05000,7
12.50,xsc9d,0.00244,0.05000,7
12.50,zjflw,0.00302,0.05000,7
12.75,787rb,0.00390,0.05000,7
12.75,79xf6,0.00288,0.05000,7
12.75,7wjxh,0.00277,0.05000,7
12.75,nkrrr,0.00305,0.05000,7
12.75,tskjt,0.00331,0.05000,7
12.75,xsc9d,0.00242,0.05000,7
12.75,zjflw,0.00257,0.05000,7
13.00,787rb,0.00352,0.05000,7
13.00,79xf6,0.00293,0.05000,7
13.00,7wjxh,0.00301,0.05000,7
13.00,nkrrr,0.00236,0.05000,7
13.00,tskjt,0.00315,0.05000,7
13.00,xsc9d,0.00273,0.05000,7
13.00,zjflw,0.00276,0.05000,7
13.25,787rb,0.00315,0.05000,7
13.25,79xf6,0.00284,0.05000,7
13.25,7wjxh,0.00346,0.05000,7
13.25,nkrrr,0.00231,0.05000,7
13.25,tskjt,0.00363,0.05000,7
13.25,xsc9d,0.00227,0.05000,7
13.25,zjflw,0.00315,0.05000,7
13.50,787rb,0.00385,0.05000,7
13.50,79xf6,0.00223,0.05000,7
13.50,7wjxh,0.00295,0.05000,7
13.50,nkrrr,0.00229,0.05000,7
13.50,tskjt,0.00319,0.05000,7
13.50,xsc9d,0.00272,0.05000,7
13.50,zjflw,0.00274,0.05000,7
13.75,787rb,0.00361,0.05000,6
13.75,79xf6,0.00303,0.05000,6
13.75,7wjxh,0.00329,0.05000,6
13.75,nkrrr,0.00316,0.05000,6
13.75,tskjt,0.00365,0.05000,6
13.75,xsc9d,0.00242,0.05000,6
13.75,zjflw,0.00258,0.05000,6
14.00,787rb,0.00354,0.05000,6
14.00,79xf6,0.00291,0.05000,6
14.00,7wjxh,0.00268,0.05000,6
14.00,nkrrr,0.00312,0.05000,6
14.00,tskjt,0.00359,0.05000,6
14.00,xsc9d,0.00253,0.05000,6
14.00,zjflw,0.00260,0.05000,6
14.25,787rb,0.00334,0.05000,3
14.25,79xf6,0.00299,0.05000,3
14.25,7wjxh,0.00331,0.05000,3
14.25,nkrrr,0.00241,0.05000,3
14.25,tskjt,0.00325,0.05000,3
14.25,xsc9d,0.00305,0.05000,3
14.25,zjflw,0.00237,0.05000,3
14.50,787rb,0.00338,0.05000,3
14.50,79xf6,0.00264,0.05000,3
14.50,7wjxh,0.00336,0.05000,3
14.50,nkrrr,0.00315,0.05000,3
14.50,tskjt,0.00352,0.05000,3
14.50,xsc9d,0.00244,0.05000,3
14.50,zjflw,0.00251,0.05000,3
14.75,787rb,0.00321,0.05000,1
14.75,79xf6,0.00303,0.05000,1
14.75,7wjxh,0.00340,0.05000,1
14.75,nkrrr,0.00238,0.05000,1
14.75,tskjt,0.00284,0.05000,1
14.75,xsc9d,0.00287,0.05000,1
14.75,zjflw,0.00256,0.05000,1
15.00,787rb,0.00301,0.05000,1
15.00,79xf6,0.00216,0.05000,1
15.00,7wjxh,0.00325,0.05000,1
15.00,nkrrr,0.00268,0.05000,1
15.00,tskjt,0.00320,0.05000,1
15.00,xsc9d,0.00266,0.05000,1
15.00,zjflw,0.00247,0.05000,1
15.25,787rb,0.00384,0.05000,1
15.25,79xf6,0.00214,0.05000,1
15.25,7wjxh,0.00295,0.05000,1
15.25,nkrrr,0.00267,0.05000,1
15.25,tskjt,0.00367,0.05000,1
15.25,xsc9d,0.00267,0.05000,1
15.25,zjflw,0.00236,0.05000,1
15.50,787rb,0.00344,0.05000,1
15.50,79xf6,0.00213,0.05000,1
15.50,7wjxh,0.00264,0.05000,1
15.50,nkrrr,0.00309,0.05000,1
15.50,tskjt,0.00339,0.05000,1
15.50,xsc9d,0.00307,0.05000,1
15.50,zjflw,0.00276,0.05000,1
15.75,787rb,0.00352,0.05000,1
15.75,79xf6,0.00237,0.05000,1
15.75,7wjxh,0.00310,0.05000,1
15.75,nkrrr,0.00222,0.05000,1
15.75,tskjt,0.00336,0.05000,1
15.75,xsc9d,0.00242,0.05000,1
15.75,zjflw,0.00251,0.05000,1
16.00,787rb,0.00329,0.05000,1
16.00,79xf6,0.00236,0.05000,1
16.00,7wjxh,0.00334,0.05000,1
16.00,nkrrr,0.00249,0.05000,1
16.00,tskjt,0.00347,0.05000,1
16.00,xsc9d,0.00318,0.05000,1
16.00,zjflw,0.00303,0.05000,1
